{
    "primitives": [
        {
            "name": "Banana",
            "sprite": "banana",
            "ID": 1,
            "recipe": [""]
        },
        {
            "name": "Coconut",
            "sprite": "coconut",
            "ID": 2,
            "recipe": [""]
        },
        {
            "name": "Chicken",
            "sprite": "chickenlive",
            "ID": 3,
            "recipe": [""]
        },
        {
            "name": "Butter",
            "sprite": "butter",
            "ID": 4,
            "recipe": [""]
        },
        {
            "name": "Bread",
            "sprite": "bread",
            "ID": 5,
            "recipe": [""]
        },
        {
            "name": "Ice",
            "sprite": "ice",
            "ID": 6,
            "recipe": [""]
        },
        {
            "name": "Water",
            "sprite": "water",
            "ID": 7,
            "recipe": [""]
        }
    ],
    "craftables": [
        {
            "name": "Banana Smoothie",
            "sprite": "bananasmoothie",
            "ID": 100,
            "recipe": ["Banana", "Ice"]
        },
        {
            "name": "Banana Sandwitch",
            "sprite": "bananasandwich",
            "ID": 101,
            "recipe": ["Banana", "Bread"]
        },
        {
            "name": "Toast",
            "sprite": "toast",
            "ID": 102,
            "recipe": ["Bread", "Butter"]
        },
        {
            "name": "Roast Chicken",
            "sprite": "roastchicken",
            "ID": 103,
            "recipe": ["Chicken", "Butter", "Bread"]
        },
        {
            "name": "Chicken Salad Sandwich",
            "sprite": "chickensaladsandwich",
            "ID": 104,
            "recipe": ["Chicken", "Bread", "Butter"]
        },
        {
            "name": "Chicken Smoothie",
            "sprite": "chickensmoothie",
            "ID": 105,
            "recipe": ["Chicken", "Ice", "Water"]
        },
        {
            "name": "Coconut Drink",
            "sprite": "coconutdrink",
            "ID": 106,
            "recipe": ["Coconut", "Water", "Ice"]
        }
    ]
}